,ID,Description,setSize,enrichmentScore,NES,pvalue,p.adjust,qvalue,rank,leading_edge,core_enrichment
GO:0002377,GO:0002377,immunoglobulin production,189,-0.817066323,-2.668643145,3.72E-27,2.19E-23,2.13E-23,1430,"tags=54%, list=10%, signal=50%",Ctnnbl1/Ptprc/Tnfrsf4/Nhej1/Tgfb1/Icosl/Fcgr2b/Slc15a4/Tlr9/Card11/Il7r/Igkv12-98/Tnfsf13/Igkv4-91/Igkv1-117/Il4ra/Fas/Sash3/H2-Eb1/Igkv9-120/Ighm/B2m/Parp3/Igkv4-79/Igkv14-111/Pou2f2/Crlf2/Igkv4-86/Lilrb4a/Igkv12-46/Btk/Cd28/Tnfsf13b/H2-DMb1/Igkv6-25/Il33/Igkv15-103/Igkv13-84/Igkv9-124/Igkv10-96/H2-Ab1/Lax1/Cd37/Cd27/Batf/Igkv8-27/Siglecg/Igkv5-48/Cd40/Cd86/Igkv2-109/H2-DMa/Igkv6-15/Mzb1/Igkv3-12/Igkv6-32/Cd22/Igkv10-94/Igkv6-23/Tnf/Igkv3-1/Igkv4-59/Nuggc/Igkv17-121/Ighe/Igkv16-104/H2-Ob/Igkv4-68/Igkv4-53/Igkv4-61/Igkv4-58/H2-Aa/Igkv8-30/Igkv8-24/Igkv4-57/Igkv3-2/Igkv19-93/H2-Eb2/Igkv1-122/Igkv8-21/Ighd/Igkv12-44/Igkv13-85/Igkv6-14/Igkv4-72/Igkv7-33/Vpreb3/Igkv4-55/Igkv3-5/Igkv1-135/Igkv3-10/Igkv5-39/Igkv3-4/Igkv6-13/Igkv6-17/Igkv2-112/Igkv11-125/Igkv6-20/Igkv4-57-1/Igkv1-133/H2-DMb2/Igkv4-63/Igkv3-7
GO:0002440,GO:0002440,production of molecular mediator of immune response,298,-0.740454063,-2.515216221,1.63E-25,4.79E-22,4.65E-22,1457,"tags=41%, list=11%, signal=37%",Tnfrsf1b/Ctnnbl1/Ptprc/Fcer1g/Tnfrsf4/Nhej1/Tgfb1/Vsir/Icosl/Fcgr2b/Ffar2/Slc15a4/Tlr9/Card11/Il7r/Igkv12-98/Tnfsf13/Casp4/Igkv4-91/Igkv1-117/Il4ra/Fas/Sash3/H2-Eb1/Igkv9-120/Ighm/B2m/Parp3/Igkv4-79/Igkv14-111/Card9/Bst2/Sema7a/Laptm5/Gata3/Pou2f2/Crlf2/Igkv4-86/Lilrb4a/Igkv12-46/Btk/Ccr2/Cd28/Tnfsf13b/H2-DMb1/Igkv6-25/Il33/Cd55/Igkv15-103/Igkv13-84/Igkv9-124/Igkv10-96/H2-Ab1/Lilrb4b/Lax1/Cd37/Cd27/Batf/Igkv8-27/Siglecg/Tlr2/Igkv5-48/Cd40/Cd86/Igkv2-109/Cd244a/H2-DMa/Igkv6-15/Mzb1/Il18rap/Igkv3-12/Igkv6-32/Cd22/Igkv10-94/Igkv6-23/Tnf/Igkv3-1/Igkv4-59/Nuggc/Igkv17-121/Cd74/Ighe/Igkv16-104/H2-Ob/Igkv4-68/Igkv4-53/Igkv4-61/Igkv4-58/H2-Aa/Igkv8-30/Igkv8-24/Igkv4-57/Igkv3-2/Igkv19-93/H2-Eb2/Igkv1-122/Igkv8-21/Ighd/Igkv12-44/Igkv13-85/Igkv6-14/Igkv4-72/Igkv7-33/Vpreb3/Igkv4-55/Igkv3-5/Igkv1-135/Igkv3-10/Igkv5-39/Igkv3-4/Igkv6-13/Igkv6-17/Igkv2-112/Il1b/Mmp7/Igkv11-125/Igkv6-20/Igkv4-57-1/Igkv1-133/H2-DMb2/Igkv4-63/Igkv3-7
GO:0046651,GO:0046651,lymphocyte proliferation,250,-0.632843962,-2.126860501,1.66E-10,2.45E-07,2.37E-07,1629,"tags=37%, list=12%, signal=33%",Tlr4/Il12rb1/Mif/Cd274/Jak3/Irf1/Cxcl12/Tnfrsf1b/Psmb10/Ctla4/Ptprc/Tnfrsf4/Ripk3/Tgfb1/Vsir/Icosl/Fcgr2b/Spn/Tlr9/Card11/Il7r/Bmp4/Lgals9/Cd38/Inpp5d/Rasal3/Myc/Itgam/Ido1/Wnt4/Sash3/Ighm/Igf1/Dock2/Rac2/Ikzf3/Ccdc88b/Itgb2/Laptm5/Nckap1l/Cd59a/Coro1a/Lrrc32/Tyrobp/Lilrb4a/Btk/Pla2g2f/Ccr2/Cd28/Tnfsf13b/H2-DMb1/Cd180/Vcam1/Cd55/Cd4/Itgal/Lilrb4b/Tacr1/Cd300a/Cd37/Fgf10/Cd27/Siglecg/Cxcr4/Flt3/Cd40/Havcr2/Cd86/Tspan32/Cd209a/Cd244a/Aif1/Ccr7/Tnfrsf13b/Mzb1/Gpr183/Btla/Cr2/Cd22/Tnfrsf13c/Cd79a/Cd19/Blk/Cd74/Gpnmb/H2-Aa/Slamf6/Lst1/Ighd/Pla2g2d/Il1b/H2-DMb2
GO:0032943,GO:0032943,mononuclear cell proliferation,256,-0.62932294,-2.126357599,1.40E-10,2.45E-07,2.37E-07,1629,"tags=37%, list=12%, signal=33%",Tlr4/Il12rb1/Mif/Cd274/Jak3/Irf1/Cxcl12/Tnfrsf1b/Psmb10/Ctla4/Ptprc/Tnfrsf4/Ripk3/Csf1/Tgfb1/Vsir/Icosl/Fcgr2b/Spn/Tlr9/Card11/Il7r/Bmp4/Lgals9/Cd38/Inpp5d/Rasal3/Myc/Itgam/Ido1/Wnt4/Sash3/Ighm/Igf1/Dock2/Rac2/Ikzf3/Ccdc88b/Itgb2/Laptm5/Nckap1l/Cd59a/Coro1a/Lrrc32/Tyrobp/Csf1r/Lilrb4a/Btk/Pla2g2f/Ccr2/Cd28/Tnfsf13b/H2-DMb1/Cd180/Vcam1/Cd55/Cd4/Itgal/Lilrb4b/Tacr1/Cd300a/Cd37/Fgf10/Cd27/Siglecg/Cxcr4/Flt3/Cd40/Havcr2/Cd86/Tspan32/Cd209a/Cd244a/Aif1/Ccr7/Tnfrsf13b/Mzb1/Gpr183/Btla/Cr2/Cd22/Tnfrsf13c/Cd79a/Cd19/Blk/Cd74/Gpnmb/H2-Aa/Slamf6/Lst1/Ighd/Pla2g2d/Il1b/H2-DMb2
GO:0070661,GO:0070661,leukocyte proliferation,284,-0.618849684,-2.101495643,2.17E-10,2.55E-07,2.48E-07,1629,"tags=36%, list=12%, signal=32%",Tlr4/Il12rb1/Mif/Cd274/Jak3/Irf1/Cxcl12/Tnfrsf1b/Psmb10/Ctla4/Ptprc/Tnfrsf4/Ripk3/Csf1/Tgfb1/Vsir/Icosl/Fcgr2b/Spn/Tlr9/Card11/Il7r/Bmp4/Lgals9/Cd38/Inpp5d/Rasal3/Myc/Itgam/Ido1/Wnt4/Sash3/Ighm/Igf1/Dock2/Rac2/Ikzf3/Ccdc88b/Itgb2/Laptm5/Nckap1l/Cd59a/Coro1a/Lrrc32/Tyrobp/Csf1r/Lilrb4a/Btk/Pla2g2f/Ccr2/Cd28/Tnfsf13b/H2-DMb1/Cd180/Il33/Vcam1/Il34/Cd55/Cd4/Csf2rb/Itgal/Lilrb4b/Tacr1/Cd300a/Cd37/Fgf10/Cd27/Clu/Siglecg/Grem1/Cxcr4/Flt3/Cd40/Havcr2/Cd86/Tspan32/Cd209a/Cd244a/Aif1/Ccr7/Tnfrsf13b/Mzb1/Gpr183/Btla/Cr2/Cd22/Tnfrsf13c/Flt3l/Cd79a/Cd19/Blk/Cd74/Gpnmb/H2-Aa/Trem2/Slamf6/Lst1/Ighd/Pla2g2d/Il1b/H2-DMb2
GO:0070663,GO:0070663,regulation of leukocyte proliferation,219,-0.634496535,-2.101791951,1.78E-09,1.75E-06,1.70E-06,1629,"tags=38%, list=12%, signal=34%",Tlr4/Il12rb1/Mif/Cd274/Jak3/Irf1/Tnfrsf1b/Ctla4/Ptprc/Tnfrsf4/Ripk3/Csf1/Tgfb1/Vsir/Icosl/Fcgr2b/Spn/Tlr9/Card11/Bmp4/Lgals9/Cd38/Inpp5d/Rasal3/Ido1/Sash3/Ighm/Igf1/Rac2/Ikzf3/Ccdc88b/Laptm5/Nckap1l/Cd59a/Coro1a/Lrrc32/Tyrobp/Csf1r/Lilrb4a/Btk/Pla2g2f/Ccr2/Cd28/Tnfsf13b/H2-DMb1/Il33/Vcam1/Il34/Cd55/Cd4/Csf2rb/Itgal/Lilrb4b/Tacr1/Cd300a/Cd37/Fgf10/Siglecg/Grem1/Cd40/Havcr2/Cd86/Tspan32/Cd209a/Cd244a/Aif1/Ccr7/Tnfrsf13b/Mzb1/Gpr183/Btla/Cd22/Tnfrsf13c/Flt3l/Blk/Cd74/Gpnmb/H2-Aa/Lst1/Ighd/Pla2g2d/Il1b/H2-DMb2
GO:0032944,GO:0032944,regulation of mononuclear cell proliferation,200,-0.635749672,-2.083469344,1.16E-08,9.79E-06,9.49E-06,1629,"tags=39%, list=12%, signal=35%",Tlr4/Il12rb1/Mif/Cd274/Jak3/Irf1/Tnfrsf1b/Ctla4/Ptprc/Tnfrsf4/Ripk3/Csf1/Tgfb1/Vsir/Icosl/Fcgr2b/Spn/Tlr9/Card11/Bmp4/Lgals9/Cd38/Inpp5d/Rasal3/Ido1/Sash3/Ighm/Igf1/Rac2/Ikzf3/Ccdc88b/Laptm5/Nckap1l/Cd59a/Coro1a/Lrrc32/Tyrobp/Csf1r/Lilrb4a/Btk/Pla2g2f/Ccr2/Cd28/Tnfsf13b/H2-DMb1/Vcam1/Cd55/Cd4/Itgal/Lilrb4b/Tacr1/Cd300a/Cd37/Fgf10/Siglecg/Cd40/Havcr2/Cd86/Tspan32/Cd209a/Cd244a/Aif1/Ccr7/Tnfrsf13b/Mzb1/Gpr183/Btla/Cd22/Tnfrsf13c/Blk/Cd74/Gpnmb/H2-Aa/Lst1/Ighd/Pla2g2d/Il1b/H2-DMb2
GO:0050670,GO:0050670,regulation of lymphocyte proliferation,196,-0.637349917,-2.082689668,2.02E-08,1.43E-05,1.39E-05,1629,"tags=39%, list=12%, signal=35%",Tlr4/Il12rb1/Mif/Cd274/Jak3/Irf1/Tnfrsf1b/Ctla4/Ptprc/Tnfrsf4/Ripk3/Tgfb1/Vsir/Icosl/Fcgr2b/Spn/Tlr9/Card11/Bmp4/Lgals9/Cd38/Inpp5d/Rasal3/Ido1/Sash3/Ighm/Igf1/Rac2/Ikzf3/Ccdc88b/Laptm5/Nckap1l/Cd59a/Coro1a/Lrrc32/Tyrobp/Lilrb4a/Btk/Pla2g2f/Ccr2/Cd28/Tnfsf13b/H2-DMb1/Vcam1/Cd55/Cd4/Itgal/Lilrb4b/Tacr1/Cd300a/Cd37/Fgf10/Siglecg/Cd40/Havcr2/Cd86/Tspan32/Cd209a/Cd244a/Aif1/Ccr7/Tnfrsf13b/Mzb1/Gpr183/Btla/Cd22/Tnfrsf13c/Blk/Cd74/Gpnmb/H2-Aa/Lst1/Ighd/Pla2g2d/Il1b/H2-DMb2
GO:0002697,GO:0002697,regulation of immune effector process,326,-0.560912143,-1.933329182,2.58E-08,1.43E-05,1.39E-05,1524,"tags=33%, list=11%, signal=30%",Jak3/Irf1/C4bp/Tnfrsf1b/Ptprc/Fcer1g/Tnfrsf4/Ripk3/Nfkbid/Tgfb1/H2-D1/Vsir/Cd47/Fcgr3/Fcgr2b/Spn/Cfp/Ffar2/Slc15a4/Tlr9/Il7r/Tnfsf13/Lgals9/Casp4/H2-T3/Lag3/Itgam/Stxbp1/Fcgr1/Tap1/Il4ra/Sash3/Ighm/B2m/Parp3/Rac2/Card9/Dhx58/Bst2/Itgb2/Sema7a/Was/Laptm5/Fes/Nckap1l/Cd59a/Gata3/Adora2b/Tyrobp/Masp1/Ptafr/Lilrb4a/C4b/Ccr2/Cx3cr1/Cd28/H2-DMb1/Zc3h12a/Il33/Cd55/Ulbp1/C2/Ncf1/Tap2/C6/Lilrb4b/Cd300a/Cd37/Cd27/Lbp/Fgr/Siglecg/Tlr2/Cd40/Havcr2/H2-Q1/Cd84/Cd86/Spi1/Pik3r6/Gm8909/Cd244a/Ccr7/Slamf8/Mzb1/Il18rap/Ccl2/Dnase1l3/Pla2g5/Cr2/Cd22/Tnf/C3/Blk/Cd74/H2-Q4/Trem2/Slamf6/H2-M2/Fcer2a/Vpreb3/Ighg2b/Il1b/H2-T10/H2-DMb2/H2-Bl/Masp2/Gm11127
GO:0002250,GO:0002250,adaptive immune response,388,-0.544678959,-1.893583192,2.67E-08,1.43E-05,1.39E-05,1558,"tags=39%, list=11%, signal=35%",Mif/Fcamr/Cd274/Jak3/Irf1/Ighv7-1/Ighv1-69/C4bp/Tnfrsf1b/Unc93b1/Ctla4/Ptprc/Fcer1g/Ighg2c/Ly9/Ripk3/Nfkbid/Icam1/Tgfb1/H2-D1/Vsir/Icosl/Fcgr3/Fcgr2b/Tnfrsf11a/Spn/Slc15a4/Orai1/Il7r/Skap1/Il21r/Tnfsf13/Cracr2a/Inpp5d/H2-T3/Lag3/Bach2/Gadd45g/Fcgr1/Pirb/Tap1/Il4ra/Ighv1-5/Fas/Sash3/Iglc1/H2-Eb1/Il18bp/C1qb/Samsn1/Ighm/B2m/Parp3/Iglc2/Tnfrsf17/Myo1g/C1qa/Card9/Was/Nckap1l/Gata3/Iglv2/Pou2f2/Crlf2/Lilrb4a/C4b/Btk/C1qc/Ccr2/Cx3cr1/Cd28/Tnfsf13b/C1ra/H2-DMb1/Zc3h12a/Ighv5-9/Il33/Clec4a2/Cd55/Cd4/C2/Csf2rb/Tap2/H2-Ab1/Lilrb4b/Lax1/Batf/Siglecg/Igkv5-48/Camk4/Clec4n/Cd40/Havcr2/H2-Q1/Cd84/Cd86/Lat2/Rftn1/Ighv10-1/Cd79b/Gm8909/Cd244a/H2-DMa/Klhl6/Irf4/Ccr7/Igha/Tnfrsf13b/Jchain/Gpr183/Il18rap/Ighv9-3/Serpina3g/Btla/Cr2/Tnf/Tnfrsf13c/C3/Igkc/Cd79a/Cd19/Ighv9-1/Cd74/Ighe/H2-Ob/H2-Q4/H2-Aa/Trem2/Slamf6/H2-Eb2/Ighv14-3/H2-M2/Alox15/Ighd/Igkv7-33/Fcer2a/Igkv4-55/Ighg3/Igkv12-41/Ighg2b/Ighv3-5/Igkv2-112/Il1b/H2-T10/H2-DMb2/H2-Bl/Masp2/Gm11127/C1s2/C1rb
GO:0042110,GO:0042110,T cell activation,454,-0.516738996,-1.822801267,2.40E-08,1.43E-05,1.39E-05,1533,"tags=27%, list=11%, signal=25%",Cd274/Jak3/Irf1/Cxcl12/Tnfrsf1b/Psmb10/Ctla4/Ptprc/Fcer1g/Ly9/Tnfrsf4/Ripk3/Nfkbid/Nhej1/Icam1/Tgfb1/Vsir/Sirpa/Cd47/Cd5/Icosl/Sox12/Spn/Gpr89/Card11/Il7r/Bmp4/Lgals9/Tnfaip8l2/Socs1/Cracr2a/Lag3/Mdk/Jag2/Rasal3/Myc/Adora2a/Gadd45g/Rhoh/Itgam/Runx3/Ido1/Mafb/Il4ra/Wnt4/Fas/Sash3/H2-Eb1/Zbtb16/B2m/Cyp26b1/Lcp1/Igf1/Dock2/Rac2/Ccdc88b/Hsh2d/Itgb2/Was/Il2rg/Laptm5/Nckap1l/Cd59a/Coro1a/Gata3/Lrrc32/Cd2/Clec4a1/Lilrb4a/Ikzf1/Pla2g2f/Ccr2/Cd28/Tnfsf13b/H2-DMb1/Zc3h12a/Gpr18/Icos/Vcam1/Clec4a2/Cd55/Cd4/Wdfy4/Itgal/Cdh26/H2-Ab1/Lilrb4b/Lax1/Cd300a/Cd37/Adam8/Cd27/Batf/Cxcr4/Flt3/Runx2/Havcr2/Cd84/Cd86/Spi1/Tspan32/Pik3r6/Cd209a/Cd244a/H2-DMa/Irf4/Tigit/Aif1/Ccr7/Gpr183/Jaml/Ccl2/Btla/Tnfrsf13c/Cd74/H2-Ob/Gpnmb/H2-Aa/Slamf6/H2-Eb2/Pla2g2d/Il1b/H2-DMb2
GO:0050830,GO:0050830,defense response to Gram-positive bacterium,78,-0.746061748,-2.178298455,2.40E-07,0.000117864,0.000114276,933,"tags=37%, list=7%, signal=35%",Gbp8/B2m/Card9/Sprr2a3/Mpeg1/Myo1f/Rnase6/Gbp9/Gbp3/Ncf1/Gbp7/Lbp/Fgr/Lyz2/Tlr2/Havcr2/Tnf/Ang4/Gbp4/Lyz1/Reg3g/Il1b/Mmp7/Reg3b/Rnase2a/Gbp2b/Ang3/Defa30/Defa24
GO:0007159,GO:0007159,leukocyte cell-cell adhesion,323,-0.541938687,-1.864201391,2.89E-07,0.0001281,0.0001242,1533,"tags=31%, list=11%, signal=28%",Cd274/Jak3/Irf1/Cxcl12/Ctla4/Ptprc/Nfkbid/Icam1/Tgfb1/Vsir/Sirpa/Cd47/Cd5/Icosl/Sox12/Spn/Card11/Il7r/Skap1/Bmp4/Lgals9/Tnfaip8l2/Socs1/Fermt3/Itgb7/Lag3/Mdk/Ets1/Rasal3/Chst4/Adora2a/Rhoh/Itgam/Gcnt1/Runx3/Ido1/Il4ra/Sash3/H2-Eb1/Zbtb16/B2m/Igf1/Rac2/Ccl28/Ccdc88b/Itgb2/Il2rg/Laptm5/Nckap1l/Cd59a/Coro1a/Gata3/Lrrc32/Ptafr/Lilrb4a/Pla2g2f/Ccr2/Selplg/Madcam1/Cx3cr1/Cd28/Tnfsf13b/H2-DMb1/Zc3h12a/Icos/Vcam1/Cd55/Cd4/Itgal/H2-Ab1/Lilrb4b/Lax1/Cd300a/Cd37/Adam8/Selp/Cd27/Havcr2/Cd86/Tspan32/Pik3r6/Cd244a/H2-DMa/Tigit/Aif1/Ccr7/Ccl2/Btla/Tnf/Tnfrsf13c/Lrg1/Cd74/H2-Ob/Gpnmb/H2-Aa/H2-Eb2/Pla2g2d/Sell/Il1b/H2-DMb2
GO:0051249,GO:0051249,regulation of lymphocyte activation,443,-0.50692494,-1.783094196,3.04E-07,0.0001281,0.0001242,1533,"tags=32%, list=11%, signal=30%",Mif/Cd274/Jak3/Irf1/Ighv7-1/Ighv1-69/Tnfrsf1b/Ctla4/Ptprc/Ighg2c/Sh3kbp1/Tnfrsf4/Ripk3/Nfkbid/Tgfb1/Vsir/Sirpa/Cd47/Cd5/Icosl/Sox12/Fcgr2b/Spn/Slc15a4/Tlr9/Card11/Il7r/Sfrp1/Bmp4/Tnfsf13/Lgals9/Cd38/Tnfaip8l2/Socs1/Rhbdd3/Inpp5d/Lag3/Mdk/Hps1/Rasal3/Adora2a/Rhoh/Runx3/Ido1/Il4ra/Ighv1-5/Fas/Sash3/Iglc1/H2-Eb1/Zbtb16/Samsn1/Ighm/B2m/Parp3/Iglc2/Cyp26b1/Igf1/Rac2/Ikzf3/Ccdc88b/Il2rg/Laptm5/Nckap1l/Cd59a/Coro1a/Gata3/Lrrc32/Tyrobp/Lilrb4a/Btk/Bloc1s6/Tbc1d10c/Pla2g2f/Ccr2/Cd28/Tnfsf13b/H2-DMb1/Zc3h12a/Ighv5-9/Icos/Vcam1/Cd55/Ulbp1/Cd4/Itgal/H2-Ab1/Lilrb4b/Lax1/Tacr1/Cd300a/Cd37/Adam8/Fgf10/Cd27/Fgr/Siglecg/Themis2/Flt3/Cd40/Havcr2/Nfam1/Cd86/Tspan32/Pik3r6/Ighv10-1/Cd209a/Cd244a/H2-DMa/Tigit/Aif1/Ccr7/Igha/Tnfrsf13b/Slamf8/Mzb1/Gpr183/Clec7a/Ighv9-3/Ccl2/Btla/Cd22/Tnfrsf13c/Flt3l/Igkc/Cd19/Blk/Ighv9-1/Cd74/Ighe/H2-Ob/Gpnmb/H2-Aa/H2-Eb2/Ighv14-3/Lst1/Ighd/Pla2g2d/Ighg3/Ighg2b/Ighv3-5/Il1b/H2-DMb2
GO:0002683,GO:0002683,negative regulation of immune system process,353,-0.533427114,-1.850636471,3.78E-07,0.000148312,0.000143797,1903,"tags=35%, list=14%, signal=31%",Grn/Serping1/Enpp3/Ptpn6/Zc3h12d/Hmox1/Arrb2/Rassf5/Samhd1/Tapbpl/Stat2/Gpr68/Mif/Cd274/Jak3/Irf1/Trafd1/Cxcl12/C4bp/Tsc22d3/Ctla4/Ptprc/Fcer1g/Tnfrsf4/Nfkbid/Tgfb1/Vsir/Isg15/Cd47/Oas1c/Oas1a/Fcgr2b/Nme2/Spn/Il7r/Sfrp1/Bmp4/Lgals9/Gpx2/Tnfaip8l2/Socs1/Tmem176a/Rhbdd3/Inpp5d/Col3a1/Lag3/Mdk/Tnfrsf11b/Myc/Tmem176b/Adora2a/Runx3/Milr1/Ido1/Tap1/Mafb/Il4ra/Fas/Samsn1/Parp3/Tnfaip6/Igf1/Ccl28/Dhx58/Bst2/Laptm5/Nckap1l/Cd59a/Lrrc32/Cnr2/Tyrobp/Masp1/Zbtb46/Lilrb4a/Btk/Tbc1d10c/Pla2g2f/C1qc/Ccr2/Cx3cr1/Cd68/Ccr1/Zc3h12a/Oas1g/Gpr18/Il33/Cd55/Tap2/Lilrb4b/Lax1/Apod/Cd300a/Cd37/Fgr/Siglecg/Grem1/Smpdl3b/Flt3/Havcr2/Cd300lf/Cd84/Cd86/Spi1/Tspan32/Tigit/Tnfrsf13b/Slamf8/Ccl2/Btla/Cr2/Cd22/Tnf/Blk/Cd74/H2-Ob/Gpnmb/H2-Aa/Trem2/Lst1/Alox15/Pla2g2d/Vpreb3/H2-Bl
GO:0050863,GO:0050863,regulation of T cell activation,295,-0.549579209,-1.87147679,5.72E-07,0.000210737,0.000204322,1533,"tags=29%, list=11%, signal=26%",Cd274/Jak3/Irf1/Tnfrsf1b/Ctla4/Ptprc/Ripk3/Nfkbid/Tgfb1/Vsir/Sirpa/Cd47/Cd5/Icosl/Sox12/Spn/Card11/Il7r/Bmp4/Lgals9/Tnfaip8l2/Socs1/Lag3/Mdk/Rasal3/Adora2a/Rhoh/Runx3/Ido1/Il4ra/Fas/Sash3/H2-Eb1/Zbtb16/B2m/Cyp26b1/Igf1/Rac2/Ccdc88b/Il2rg/Laptm5/Nckap1l/Cd59a/Coro1a/Gata3/Lrrc32/Lilrb4a/Pla2g2f/Ccr2/Cd28/Tnfsf13b/H2-DMb1/Zc3h12a/Icos/Vcam1/Cd55/Cd4/Itgal/H2-Ab1/Lilrb4b/Lax1/Cd300a/Cd37/Adam8/Cd27/Havcr2/Cd86/Tspan32/Pik3r6/Cd209a/Cd244a/H2-DMa/Tigit/Aif1/Ccr7/Ccl2/Btla/Tnfrsf13c/Cd74/H2-Ob/Gpnmb/H2-Aa/H2-Eb2/Pla2g2d/Il1b/H2-DMb2
GO:1903037,GO:1903037,regulation of leukocyte cell-cell adhesion,291,-0.54612074,-1.860873831,1.57E-06,0.000542877,0.00052635,1533,"tags=31%, list=11%, signal=28%",Cd274/Jak3/Irf1/Cxcl12/Ctla4/Ptprc/Nfkbid/Icam1/Tgfb1/Vsir/Sirpa/Cd47/Cd5/Icosl/Sox12/Spn/Card11/Il7r/Skap1/Bmp4/Lgals9/Tnfaip8l2/Socs1/Lag3/Mdk/Ets1/Rasal3/Chst4/Adora2a/Rhoh/Gcnt1/Runx3/Ido1/Il4ra/Sash3/H2-Eb1/Zbtb16/B2m/Igf1/Ccl28/Ccdc88b/Itgb2/Il2rg/Laptm5/Nckap1l/Cd59a/Coro1a/Gata3/Lrrc32/Ptafr/Lilrb4a/Pla2g2f/Ccr2/Cd28/Tnfsf13b/H2-DMb1/Zc3h12a/Icos/Vcam1/Cd55/Cd4/Itgal/H2-Ab1/Lilrb4b/Lax1/Cd300a/Cd37/Adam8/Selp/Cd27/Havcr2/Cd86/Tspan32/Pik3r6/Cd244a/H2-DMa/Tigit/Aif1/Ccr7/Ccl2/Btla/Tnf/Tnfrsf13c/Cd74/H2-Ob/Gpnmb/H2-Aa/H2-Eb2/Pla2g2d/Il1b/H2-DMb2
GO:1903131,GO:1903131,mononuclear cell differentiation,404,-0.50139448,-1.753298301,1.75E-06,0.000571804,0.000554397,1524,"tags=26%, list=11%, signal=24%",Gpr68/Dock10/Jak3/Irf1/Batf3/Ctla4/Ptprc/Fcer1g/Ly9/Ripk3/Nfkbid/Irf8/Csf1/Nhej1/Tgfb1/Vsir/Sox12/Spn/Tlr9/Gpr89/Card11/Il7r/Sfrp1/Bmp4/Lgals9/Socs1/Cracr2a/Tmem176a/Inpp5d/Lag3/Batf2/Mdk/Jag2/Myc/Tmem176b/Gadd45g/Rhoh/Pirb/Runx3/Mafb/Il4ra/Wnt4/Fas/Sash3/Zbtb16/Ighm/B2m/Cyp26b1/Dock2/Ikzf3/Spib/Il2rg/Laptm5/Fes/Nckap1l/Gata3/Pou2f2/Lyl1/Zbtb46/Lilrb4a/Ikzf1/Btk/Ccr2/Cd28/Tnfsf13b/Zc3h12a/Gpr18/Il34/Cd4/H2-Ab1/Lilrb4b/Adam8/Trpm2/Cd27/Batf/Camk4/Flt3/Runx2/Nfam1/Spi1/Pik3r6/Igkj5/Cd79b/H2-DMa/Irf4/Ccr7/Slamf8/Gpr183/Ms4a1/Cr2/Flt3l/Igkc/Cd79a/Cd19/Blk/Cd74/Ighe/H2-Aa/Trem2/Slamf6/Pou2af1/Pla2g2d/Ubd/Il1b
GO:0035821,GO:0035821,modulation of process of another organism,16,-0.921928333,-2.028114952,2.60E-06,0.000807707,0.000783118,296,"tags=69%, list=2%, signal=67%",Bcl2l11/Mpeg1/Clec7a/C3/Fcer2a/Reg3g/Nos2/Reg3b/Slpi/Defa30/Defa24
GO:0002699,GO:0002699,positive regulation of immune effector process,235,-0.560040691,-1.869488831,4.76E-06,0.001275969,0.001237125,1426,"tags=33%, list=10%, signal=30%",Ptprc/Fcer1g/Tnfrsf4/Nfkbid/Tgfb1/H2-D1/Fcgr3/Cfp/Ffar2/Tlr9/Tnfsf13/Casp4/H2-T3/Lag3/Itgam/Stxbp1/Fcgr1/Il4ra/Sash3/B2m/Rac2/Card9/Dhx58/Itgb2/Sema7a/Laptm5/Fes/Gata3/Adora2b/Tyrobp/Masp1/Ptafr/Lilrb4a/C4b/Ccr2/Cd28/H2-DMb1/Il33/Cd55/Ulbp1/C2/Tap2/C6/Cd300a/Cd37/Cd27/Lbp/Fgr/Tlr2/Cd40/H2-Q1/Cd84/Cd86/Spi1/Gm8909/Cd244a/Ccr7/Mzb1/Il18rap/Ccl2/Pla2g5/Tnf/C3/Blk/Cd74/H2-Q4/Trem2/Slamf6/H2-M2/Fcer2a/Ighg2b/Il1b/H2-T10/H2-DMb2/H2-Bl/Masp2/Gm11127
GO:1903039,GO:1903039,positive regulation of leukocyte cell-cell adhesion,212,-0.563675742,-1.859900902,4.76E-06,0.001275969,0.001237125,1533,"tags=33%, list=11%, signal=30%",Cd274/Jak3/Irf1/Ptprc/Nfkbid/Icam1/Tgfb1/Vsir/Sirpa/Cd47/Cd5/Icosl/Sox12/Spn/Card11/Il7r/Skap1/Lgals9/Socs1/Mdk/Ets1/Rasal3/Chst4/Rhoh/Gcnt1/Runx3/Il4ra/Sash3/H2-Eb1/Zbtb16/B2m/Igf1/Ccdc88b/Itgb2/Il2rg/Nckap1l/Cd59a/Coro1a/Gata3/Ptafr/Lilrb4a/Ccr2/Cd28/Tnfsf13b/H2-DMb1/Icos/Vcam1/Cd55/Cd4/Itgal/H2-Ab1/Lilrb4b/Adam8/Selp/Cd27/Havcr2/Cd86/Pik3r6/Cd244a/H2-DMa/Aif1/Ccr7/Ccl2/Tnf/Tnfrsf13c/Cd74/H2-Ob/H2-Aa/H2-Eb2/Il1b/H2-DMb2
GO:0002366,GO:0002366,leukocyte activation involved in immune response,229,-0.553524033,-1.845308196,4.68E-06,0.001275969,0.001237125,2361,"tags=38%, list=17%, signal=32%",Trp53/Lypd10/Loxl3/Mad2l2/Anxa1/Plcg2/Myd88/Gata2/Il27ra/Rab27a/Nkx2-3/Grn/Enpp3/Ptpn6/Hmox1/H2-M3/Rasgrp1/Chga/Sbno2/Tlr4/Dock10/Jak3/Irf1/Ptprc/Fcer1g/Ly9/Nfkbid/Irf8/Icam1/Tgfb1/Icosl/Spn/Slc15a4/Tnfsf13/Lgals9/Cracr2a/Mdk/Cplx2/Gadd45g/Itgam/Stxbp1/Milr1/Il4ra/Parp3/Lcp1/Dock2/Rac2/Itgb2/Grp/Fes/Nckap1l/Coro1a/Gata3/Adora2b/Myo1f/Tyrobp/Ptafr/Lilrb4a/Ccr2/Cd28/H2-DMb1/Zc3h12a/Cd180/Il33/Itgal/Cd300a/Batf/Lbp/Fgr/Cd40/Havcr2/Cd84/Lat2/Spi1/Cd244a/Irf4/Ccr7/Gpr183/Dnase1l3/Cd19/Blk/Cd74/Trem2/Slamf6/Pou2af1/H2-DMb2
GO:0042129,GO:0042129,regulation of T cell proliferation,146,-0.610141432,-1.925992521,6.06E-06,0.00155337,0.001506081,1602,"tags=36%, list=12%, signal=32%",Il12rb1/Cd274/Jak3/Irf1/Tnfrsf1b/Ctla4/Ptprc/Ripk3/Tgfb1/Vsir/Icosl/Spn/Card11/Bmp4/Lgals9/Rasal3/Ido1/Sash3/Igf1/Rac2/Ccdc88b/Laptm5/Nckap1l/Cd59a/Coro1a/Lrrc32/Lilrb4a/Pla2g2f/Ccr2/Cd28/Tnfsf13b/H2-DMb1/Vcam1/Cd55/Cd4/Itgal/Lilrb4b/Cd37/Havcr2/Cd86/Tspan32/Cd209a/Cd244a/Aif1/Ccr7/Btla/Tnfrsf13c/Gpnmb/H2-Aa/Pla2g2d/Il1b/H2-DMb2
GO:0002698,GO:0002698,negative regulation of immune effector process,94,-0.669172199,-2.009572537,6.66E-06,0.001634457,0.0015847,1903,"tags=46%, list=14%, signal=40%",Grn/Serping1/Enpp3/Ptpn6/Hmox1/Arrb2/Jak3/Irf1/C4bp/Ptprc/Tgfb1/Vsir/Cd47/Fcgr2b/Spn/Il7r/Lgals9/Tap1/Il4ra/Parp3/Bst2/Nckap1l/Cd59a/Masp1/Lilrb4a/Ccr2/Cx3cr1/Zc3h12a/Il33/Cd55/Tap2/Lilrb4b/Cd300a/Siglecg/Havcr2/Cd84/Spi1/Slamf8/Cr2/Cd22/Tnf/Vpreb3/H2-Bl
GO:0042098,GO:0042098,T cell proliferation,183,-0.585046762,-1.898787921,7.13E-06,0.001680474,0.001629316,1602,"tags=33%, list=12%, signal=30%",Il12rb1/Cd274/Jak3/Irf1/Cxcl12/Tnfrsf1b/Psmb10/Ctla4/Ptprc/Tnfrsf4/Ripk3/Tgfb1/Vsir/Icosl/Spn/Card11/Bmp4/Lgals9/Rasal3/Myc/Itgam/Ido1/Wnt4/Sash3/Igf1/Dock2/Rac2/Ccdc88b/Itgb2/Laptm5/Nckap1l/Cd59a/Coro1a/Lrrc32/Lilrb4a/Pla2g2f/Ccr2/Cd28/Tnfsf13b/H2-DMb1/Vcam1/Cd55/Cd4/Itgal/Lilrb4b/Cd37/Cxcr4/Havcr2/Cd86/Tspan32/Cd209a/Cd244a/Aif1/Ccr7/Btla/Tnfrsf13c/Gpnmb/H2-Aa/Pla2g2d/Il1b/H2-DMb2
GO:0042100,GO:0042100,B cell proliferation,77,-0.70212955,-2.049583849,8.13E-06,0.001841265,0.001785212,1629,"tags=45%, list=12%, signal=40%",Tlr4/Mif/Ctla4/Ptprc/Tnfrsf4/Fcgr2b/Tlr9/Card11/Il7r/Cd38/Inpp5d/Sash3/Ighm/Ikzf3/Nckap1l/Tyrobp/Btk/Tnfsf13b/Cd180/Cd300a/Cd27/Siglecg/Cd40/Tnfrsf13b/Mzb1/Gpr183/Btla/Cr2/Cd22/Tnfrsf13c/Cd79a/Cd19/Blk/Cd74/Ighd
GO:0002263,GO:0002263,cell activation involved in immune response,233,-0.547575455,-1.82867213,1.10E-05,0.002410995,0.002337598,2361,"tags=37%, list=17%, signal=31%",Trp53/Lypd10/Loxl3/Mad2l2/Anxa1/Plcg2/Myd88/Gata2/Il27ra/Rab27a/Nkx2-3/Grn/Enpp3/Ptpn6/Hmox1/H2-M3/Rasgrp1/Chga/Sbno2/Tlr4/Dock10/Jak3/Irf1/Ptprc/Fcer1g/Ly9/Nfkbid/Irf8/Icam1/Tgfb1/Icosl/Spn/Slc15a4/Tnfsf13/Lgals9/Cracr2a/Mdk/Cplx2/Gadd45g/Itgam/Stxbp1/Milr1/Il4ra/Parp3/Lcp1/Dock2/Rac2/Itgb2/Grp/Fes/Nckap1l/Coro1a/Gata3/Adora2b/Myo1f/Tyrobp/Ptafr/Lilrb4a/Ccr2/Cd28/H2-DMb1/Zc3h12a/Cd180/Il33/Itgal/Cd300a/Batf/Lbp/Fgr/Cd40/Havcr2/Cd84/Lat2/Spi1/Cd244a/Irf4/Ccr7/Gpr183/Dnase1l3/Cd19/Blk/Cd74/Trem2/Slamf6/Pou2af1/H2-DMb2
GO:0050870,GO:0050870,positive regulation of T cell activation,191,-0.572774985,-1.868715468,1.19E-05,0.002425912,0.002352061,1533,"tags=32%, list=11%, signal=29%",Cd274/Jak3/Irf1/Ptprc/Nfkbid/Tgfb1/Vsir/Sirpa/Cd47/Cd5/Icosl/Sox12/Spn/Card11/Il7r/Lgals9/Socs1/Mdk/Rasal3/Rhoh/Runx3/Il4ra/Sash3/H2-Eb1/Zbtb16/B2m/Igf1/Ccdc88b/Il2rg/Nckap1l/Cd59a/Coro1a/Gata3/Lilrb4a/Ccr2/Cd28/Tnfsf13b/H2-DMb1/Icos/Vcam1/Cd55/Cd4/Itgal/H2-Ab1/Lilrb4b/Adam8/Cd27/Havcr2/Cd86/Pik3r6/Cd244a/H2-DMa/Aif1/Ccr7/Ccl2/Tnfrsf13c/Cd74/H2-Ob/H2-Aa/H2-Eb2/Il1b/H2-DMb2
GO:0002443,GO:0002443,leukocyte mediated immunity,358,-0.495504595,-1.714490592,1.18E-05,0.002425912,0.002352061,1493,"tags=37%, list=11%, signal=34%",Ighv7-1/Ighv1-69/C4bp/Tnfrsf1b/Unc93b1/Ptprc/Fcer1g/Ighg2c/Ripk3/Icam1/Tgfb1/H2-D1/Vsir/Icosl/Fcgr3/Fcgr2b/Spn/Slc15a4/Tlr9/Il7r/Il21r/Tnfsf13/Lgals9/Inpp5d/H2-T3/Lag3/Cplx2/Itgam/Stxbp1/Fcgr1/Pirb/Milr1/Tap1/Il4ra/Ighv1-5/Fas/Sash3/Iglc1/H2-Eb1/C1qb/Ighm/B2m/Parp3/Iglc2/Myo1g/Rac2/C1qa/Card9/Bst2/Itgb2/Grp/Was/Fes/Nckap1l/Coro1a/Gata3/Adora2b/Pou2f2/Myo1f/Tyrobp/Crlf2/Ptafr/Cd2/Lilrb4a/C4b/Btk/C1qc/Ccr2/Cx3cr1/Cd28/C1ra/H2-DMb1/Ighv5-9/Cd55/Ulbp1/C2/Csf2rb/Ncf1/Tap2/H2-Ab1/Lilrb4b/Cd300a/Batf/Fgr/Tlr2/Cd40/Havcr2/H2-Q1/Cd84/Lat2/Spi1/Rftn1/Pik3r6/Ighv10-1/Gm8909/H2-DMa/Igha/Il18rap/Ighv9-3/Ccl2/Dnase1l3/Cr2/Tnf/C3/Igkc/Cd19/Blk/Ighv9-1/Cd74/Ighe/H2-Ob/H2-Q4/H2-Aa/Trem2/Slamf6/H2-Eb2/Ighv14-3/H2-M2/Ighd/Fcer2a/Ighg3/Ighg2b/Ighv3-5/Il1b/H2-T10/H2-DMb2/H2-Bl/Masp2/Gm11127/C1s2/C1rb
GO:0051250,GO:0051250,negative regulation of lymphocyte activation,135,-0.621588474,-1.950972311,1.53E-05,0.002909271,0.002820705,1533,"tags=39%, list=11%, signal=35%",Cd274/Jak3/Irf1/Ctla4/Nfkbid/Tgfb1/Vsir/Fcgr2b/Spn/Sfrp1/Bmp4/Lgals9/Tnfaip8l2/Socs1/Rhbdd3/Inpp5d/Lag3/Mdk/Adora2a/Runx3/Ido1/Il4ra/Fas/Samsn1/Parp3/Laptm5/Nckap1l/Lrrc32/Tyrobp/Lilrb4a/Btk/Tbc1d10c/Pla2g2f/Zc3h12a/Lilrb4b/Lax1/Cd300a/Cd37/Fgr/Flt3/Havcr2/Cd86/Tspan32/Tigit/Tnfrsf13b/Btla/Blk/Cd74/Gpnmb/H2-Aa/Lst1/Pla2g2d
GO:0002695,GO:0002695,negative regulation of leukocyte activation,161,-0.59432272,-1.893001976,1.52E-05,0.002909271,0.002820705,1903,"tags=40%, list=14%, signal=35%",Grn/Enpp3/Ptpn6/Zc3h12d/Hmox1/Rassf5/Cd274/Jak3/Irf1/Ctla4/Nfkbid/Tgfb1/Vsir/Fcgr2b/Spn/Sfrp1/Bmp4/Lgals9/Tnfaip8l2/Socs1/Rhbdd3/Inpp5d/Lag3/Mdk/Adora2a/Runx3/Milr1/Ido1/Il4ra/Fas/Samsn1/Parp3/Laptm5/Nckap1l/Lrrc32/Cnr2/Tyrobp/Zbtb46/Lilrb4a/Btk/Tbc1d10c/Pla2g2f/Ccr2/Zc3h12a/Lilrb4b/Lax1/Cd300a/Cd37/Fgr/Flt3/Havcr2/Cd300lf/Cd84/Cd86/Spi1/Tspan32/Tigit/Tnfrsf13b/Btla/Blk/Cd74/Gpnmb/H2-Aa/Lst1/Pla2g2d
GO:0002460,GO:0002460,adaptive immune response based on somatic recombination of immune receptors built from immunoglobulin superfamily domains,303,-0.515091152,-1.75596529,1.82E-05,0.003346658,0.003244777,1533,"tags=39%, list=11%, signal=35%",Cd274/Jak3/Irf1/Ighv7-1/Ighv1-69/C4bp/Tnfrsf1b/Unc93b1/Ptprc/Fcer1g/Ighg2c/Ly9/Ripk3/Nfkbid/Icam1/Tgfb1/H2-D1/Vsir/Icosl/Fcgr3/Fcgr2b/Spn/Slc15a4/Il7r/Il21r/Tnfsf13/Cracr2a/Inpp5d/H2-T3/Bach2/Gadd45g/Fcgr1/Pirb/Il4ra/Ighv1-5/Fas/Sash3/Iglc1/H2-Eb1/Il18bp/C1qb/Ighm/B2m/Parp3/Iglc2/Myo1g/C1qa/Card9/Was/Nckap1l/Gata3/Pou2f2/Crlf2/Lilrb4a/C4b/Btk/C1qc/Ccr2/Cd28/Tnfsf13b/C1ra/H2-DMb1/Zc3h12a/Ighv5-9/Il33/Cd55/Cd4/C2/Csf2rb/Tap2/H2-Ab1/Lilrb4b/Batf/Clec4n/Cd40/Havcr2/H2-Q1/Rftn1/Ighv10-1/Gm8909/H2-DMa/Klhl6/Irf4/Ccr7/Igha/Il18rap/Ighv9-3/Cr2/Tnf/Tnfrsf13c/C3/Igkc/Cd19/Ighv9-1/Cd74/Ighe/H2-Ob/H2-Q4/H2-Aa/Trem2/Slamf6/H2-Eb2/Ighv14-3/H2-M2/Ighd/Fcer2a/Ighg3/Ighg2b/Ighv3-5/Il1b/H2-T10/H2-DMb2/H2-Bl/Masp2/Gm11127/C1s2/C1rb
GO:0070665,GO:0070665,positive regulation of leukocyte proliferation,129,-0.61555334,-1.927992836,2.40E-05,0.004293658,0.004162947,1629,"tags=37%, list=12%, signal=33%",Tlr4/Il12rb1/Mif/Cd274/Jak3/Ptprc/Tnfrsf4/Csf1/Icosl/Spn/Tlr9/Card11/Cd38/Rasal3/Sash3/Ighm/Igf1/Rac2/Ccdc88b/Nckap1l/Cd59a/Coro1a/Csf1r/Ccr2/Cd28/Tnfsf13b/H2-DMb1/Vcam1/Il34/Cd55/Cd4/Csf2rb/Itgal/Tacr1/Fgf10/Cd40/Havcr2/Cd86/Cd244a/Aif1/Ccr7/Gpr183/Tnfrsf13c/Flt3l/Cd74/Ighd/Il1b/H2-DMb2
GO:0034341,GO:0034341,response to interferon-gamma,109,-0.642631884,-1.979453186,2.60E-05,0.004498625,0.004361675,1638,"tags=39%, list=12%, signal=35%",Parp9/Tlr4/Il12rb1/Irgm1/Rab7b/Irf1/Mrc1/Irf8/Sirpa/Cd47/Socs1/Cdc42ep2/Cxcl16/Sp100/Stxbp1/Gbp8/H2-Eb1/Ifitm1/Bst2/Was/Mefv/Ccl11/Gbp9/Gbp3/Igtp/Gbp5/H2-Ab1/Gbp7/Shfl/Tlr2/Cd40/Ifitm3/Ccl22/Ccl8/Ccl2/Cd74/Ciita/Tgtp1/H2-Aa/Gbp4/Ubd/Nos2/Gbp2b
GO:0070534,GO:0070534,protein K63-linked ubiquitination,58,0.689977704,2.096777762,2.89E-05,0.004859851,0.004711904,180,"tags=9%, list=1%, signal=9%",Trim12a/Trim30d/Trim5/Rnf152/Peli3
GO:0002495,GO:0002495,antigen processing and presentation of peptide antigen via MHC class II,22,-0.863458059,-2.004952708,3.29E-05,0.005255039,0.005095061,1438,"tags=68%, list=10%, signal=61%",Unc93b1/Fcer1g/Fcgr2b/H2-Eb1/B2m/H2-DMb1/H2-Ab1/Marchf1/H2-DMa/Cd74/H2-Ob/H2-Aa/Trem2/H2-Eb2/H2-DMb2
GO:0030098,GO:0030098,lymphocyte differentiation,365,-0.483961175,-1.676200058,3.30E-05,0.005255039,0.005095061,1427,"tags=23%, list=10%, signal=21%",Ctla4/Ptprc/Fcer1g/Ly9/Ripk3/Nfkbid/Irf8/Nhej1/Tgfb1/Vsir/Sox12/Spn/Tlr9/Gpr89/Card11/Il7r/Sfrp1/Bmp4/Lgals9/Socs1/Cracr2a/Inpp5d/Lag3/Mdk/Jag2/Gadd45g/Rhoh/Runx3/Mafb/Il4ra/Wnt4/Fas/Sash3/Zbtb16/Ighm/B2m/Cyp26b1/Dock2/Ikzf3/Spib/Il2rg/Laptm5/Nckap1l/Gata3/Pou2f2/Lyl1/Lilrb4a/Ikzf1/Btk/Ccr2/Cd28/Tnfsf13b/Zc3h12a/Gpr18/Cd4/H2-Ab1/Lilrb4b/Adam8/Cd27/Batf/Flt3/Runx2/Nfam1/Spi1/Pik3r6/Igkj5/Cd79b/H2-DMa/Irf4/Ccr7/Slamf8/Gpr183/Ms4a1/Cr2/Flt3l/Igkc/Cd79a/Cd19/Cd74/Ighe/H2-Aa/Slamf6/Pou2af1/Pla2g2d/Il1b
GO:0006959,GO:0006959,humoral immune response,156,-0.590052764,-1.874555353,3.94E-05,0.006116292,0.005930096,899,"tags=39%, list=6%, signal=37%",Ighv1-5/Iglc1/C1qb/Ighm/B2m/Iglc2/C1qa/Ccl28/Cd59a/Gata3/Masp1/Rnase6/C4b/C1qc/Ccr2/C1ra/Ighv5-9/Cd55/C2/C6/Cd37/Ccl22/Ighv10-1/Cxcl10/Cxcl14/Ccl8/H2-DMa/Ccr7/Igha/Jchain/Gpr183/Ighv9-3/Cxcl13/Cxcl9/Cr2/Tnf/C3/Igkc/Ighv9-1/Ighe/Ang4/Trem2/Ighv14-3/Ighd/Fcer2a/Ighg3/C4a/Wfdc18/Ighg2b/Ighv3-5/Reg3g/Il1b/Mmp7/Reg3b/Slpi/Masp2/C1s2/C1rb/Ang3/Defa30/Defa24
GO:0002703,GO:0002703,regulation of leukocyte mediated immunity,203,-0.548111918,-1.799884233,4.25E-05,0.00642671,0.006231064,1470,"tags=35%, list=11%, signal=32%",C4bp/Tnfrsf1b/Ptprc/Fcer1g/Ripk3/Tgfb1/H2-D1/Vsir/Fcgr3/Fcgr2b/Spn/Slc15a4/Tlr9/Il7r/Tnfsf13/Lgals9/H2-T3/Lag3/Itgam/Stxbp1/Fcgr1/Tap1/Il4ra/Sash3/B2m/Parp3/Rac2/Bst2/Itgb2/Was/Fes/Nckap1l/Gata3/Adora2b/Tyrobp/Ptafr/Lilrb4a/Ccr2/Cx3cr1/Cd28/Cd55/Ulbp1/Tap2/Lilrb4b/Cd300a/Fgr/Tlr2/Cd40/Havcr2/H2-Q1/Cd84/Spi1/Pik3r6/Gm8909/Il18rap/Ccl2/Dnase1l3/Cr2/Tnf/C3/Blk/H2-Q4/Trem2/Slamf6/H2-M2/Fcer2a/Ighg2b/Il1b/H2-T10/H2-Bl/Gm11127
GO:0042742,GO:0042742,defense response to bacterium,225,-0.536639141,-1.786502099,4.94E-05,0.007275917,0.007054418,1420,"tags=36%, list=10%, signal=33%",Fcer1g/Ighg2c/Adamts5/Ppp1r11/Irf8/Adamts4/Isg15/Oas1c/Oas1a/Spn/Tlr9/Il7r/Oas2/Lgals9/Casp4/Gsdmc4/Pla2g6/Fcgr1/Gbp8/Ighv1-5/Iglc1/Ighm/B2m/Iglc2/Card9/Sprr2a3/Mpeg1/Myo1f/Rnase6/Mapkbp1/Gsdmc3/Gbp9/Oas1g/Ighv5-9/Gbp3/Cd4/Ncf1/Igtp/Gbp7/Lbp/Fgr/Lyz2/Tlr2/Gsdmc2/Havcr2/Ighv10-1/Emilin2/Igha/Slamf8/Iigp1/Jchain/Ighv9-3/Cxcl13/Tnf/Igkc/Ighv9-1/Ighe/Ang4/Trem2/Ighv14-3/Ighd/Gbp4/Ighg3/Lyz1/Wfdc18/Ighg2b/Ighv3-5/Reg3g/Il1b/Mmp7/Nos2/Lcn2/Hp/Reg3b/Rnase2a/Lpo/Slpi/Gbp2b/Ang3/Defa30/Defa24
GO:0002274,GO:0002274,myeloid leukocyte activation,199,-0.557273658,-1.823066406,5.32E-05,0.007457015,0.007230004,1934,"tags=37%, list=14%, signal=32%",Tlr3/Grn/Enpp3/Ptpn6/Hmox1/Ctsc/Rasgrp1/Chga/Sbno2/Ifngr2/Tlr4/Shpk/Lcp2/Batf3/Fcer1g/Tgfb1/Fcgr3/Lgals9/Batf2/Cplx2/Rhoh/Itgam/Ndrg1/Stxbp1/Pirb/Milr1/Il4ra/Dock2/Il16/Rac2/C1qa/Itgb2/Grp/Fes/Adora2b/Myo1f/Cnr2/Tyrobp/Crlf2/Ptafr/Lilrb4a/Ccr2/Cx3cr1/Il33/Ulbp1/Lilrb4b/Cd300a/Cd37/Batf/Clu/Lbp/Fgr/Tlr2/Camk4/Havcr2/Cd300lf/Cd84/Lat2/Spi1/Tspan32/Cd244a/Irf4/Aif1/Il18rap/Dnase1l3/Pla2g5/Tlr6/Cd33/Tnf/Flt3l/Blk/Trem2/Ubd/Plscr2
GO:0022409,GO:0022409,positive regulation of cell-cell adhesion,254,-0.52012851,-1.755177847,5.31E-05,0.007457015,0.007230004,1533,"tags=30%, list=11%, signal=27%",Cd274/Jak3/Irf1/Ptprc/Nfkbid/Icam1/Tgfb1/Vsir/Sirpa/Cd47/Cd5/Icosl/Sox12/Spn/Pdpn/Card11/Il7r/Skap1/Lgals9/Socs1/Mfsd2b/Mdk/Ets1/Rasal3/Chst4/Rhoh/Gcnt1/Runx3/Il4ra/Sash3/H2-Eb1/Zbtb16/B2m/Igf1/Ccdc88b/Itgb2/Il2rg/Nckap1l/Cd59a/Coro1a/Gata3/Ptafr/Lilrb4a/Ccr2/Cd28/Tnfsf13b/H2-DMb1/Icos/Vcam1/Cd55/Cd4/Itgal/H2-Ab1/Lilrb4b/Adam8/Selp/Cd27/Dmtn/Havcr2/Cd86/Pik3r6/Emilin2/Cd244a/H2-DMa/Aif1/Ccr7/Ccl2/Cxcl13/Tnf/Tnfrsf13c/Cd74/H2-Ob/H2-Aa/H2-Eb2/Alox15/Il1b/H2-DMb2
GO:0002704,GO:0002704,negative regulation of leukocyte mediated immunity,50,-0.741240878,-2.006694683,5.45E-05,0.007468508,0.007241146,1871,"tags=54%, list=13%, signal=47%",Ptpn6/Hmox1/Arrb2/Jak3/C4bp/Ptprc/Vsir/Fcgr2b/Spn/Il7r/Lgals9/Tap1/Parp3/Bst2/Nckap1l/Lilrb4a/Ccr2/Cx3cr1/Cd55/Tap2/Lilrb4b/Cd300a/Havcr2/Cd84/Spi1/Cr2/H2-Bl
GO:0050866,GO:0050866,negative regulation of cell activation,181,-0.574025551,-1.863261813,5.80E-05,0.007762974,0.007526648,1903,"tags=40%, list=14%, signal=35%",Grn/Enpp3/Ptpn6/Zc3h12d/Hmox1/C1qtnf1/Rassf5/Pdgfa/Cd274/Jak3/Irf1/Ctla4/Nfkbid/Tgfb1/Cd9/Vsir/Fcgr2b/Spn/Sfrp1/Bmp4/Lgals9/Tnfaip8l2/Socs1/Rhbdd3/Inpp5d/Lag3/Mdk/Adora2a/Cygb/Runx3/Milr1/Ido1/Il4ra/Fas/Samsn1/Parp3/Alox12/Laptm5/Nckap1l/Lrrc32/Cnr2/Tyrobp/Apoe/Zbtb46/Lilrb4a/Btk/Tbc1d10c/Pla2g2f/Ccr2/Zc3h12a/Lilrb4b/Lax1/Cd300a/Cd37/Fgr/Adrb2/Flt3/Havcr2/Cd300lf/Cd84/Cd86/Spi1/Tspan32/Tigit/Tnfrsf13b/Btla/Blk/Cd74/Gpnmb/H2-Aa/Trem2/Lst1/Pla2g2d
GO:0002478,GO:0002478,antigen processing and presentation of exogenous peptide antigen,29,-0.823892277,-2.027317346,6.83E-05,0.008941507,0.008669303,1438,"tags=66%, list=10%, signal=59%",Unc93b1/Fcer1g/Fcgr3/Fcgr2b/Fcgr1/Tap1/H2-Eb1/B2m/Clec4a1/H2-DMb1/Clec4a2/Tap2/H2-Ab1/H2-DMa/Cd74/H2-Ob/H2-Aa/H2-Eb2/H2-DMb2
GO:0050778,GO:0050778,positive regulation of immune response,448,-0.453499157,-1.596445511,7.12E-05,0.00911721,0.008839657,1578,"tags=31%, list=11%, signal=29%",Irgm1/Lcp2/Mif/Cd274/Irf1/Ighv7-1/Ighv1-69/C4bp/Ctla4/Ptprc/Fcer1g/Ighg2c/Nfkbid/Tgfb1/H2-D1/Cd47/Cmklr1/Icosl/Fcgr3/Cfp/Ffar2/Slc15a4/Tlr9/Zbp1/Card11/Skap1/Tnfsf13/Lgals9/Cd38/H2-T3/Lag3/Itgam/Stxbp1/Fcgr1/Trim12c/Ido1/Il4ra/Ighv1-5/Sash3/Iglc1/C1qb/Ighm/B2m/Iglc2/Sh2b2/Myo1g/C1qa/Card9/Itgb2/Laptm5/Nckap1l/Cd59a/Gata3/Adora2b/Tyrobp/Masp1/Ptafr/Lilrb4a/C4b/Btk/C1qc/Ccr2/Cd28/Tnfsf13b/C1ra/H2-DMb1/Zc3h12a/Ighv5-9/Il33/Btnl4/Cd55/Ulbp1/Cd4/C2/Igtp/Gbp5/Tap2/C6/H2-Ab1/Lilrb4b/Lax1/Cd300a/Adam8/Sting1/Lbp/Fgr/Themis2/Tlr2/Clec4n/Cd40/Havcr2/Nfam1/H2-Q1/Lat2/Spi1/Rftn1/Ighv10-1/Cd79b/Gm8909/H2-DMa/Klhl6/Ccr7/Igha/Clec7a/Il18rap/Ighv9-3/Ms4a1/Pla2g5/Cr2/Cd22/Tnf/Tnfrsf13c/C3/Igkc/Cd79a/Cd19/Blk/Ighv9-1/Cd74/Ighe/H2-Q4/Trem2/Slamf6/Ighv14-3/H2-M2/Ighd/Fcer2a/Ighg3/C4a/Ighg2b/Ighv3-5/Il1b/H2-T10/H2-DMb2/H2-Bl/Plscr2/Masp2/Gm11127/C1s2/C1rb
GO:0002637,GO:0002637,regulation of immunoglobulin production,65,-0.696589052,-1.987910258,7.37E-05,0.009237758,0.008956535,1426,"tags=35%, list=10%, signal=32%",Ptprc/Tnfrsf4/Tgfb1/Fcgr2b/Slc15a4/Tlr9/Tnfsf13/Il4ra/Sash3/Ighm/Parp3/Lilrb4a/Cd28/Il33/Cd37/Cd27/Siglecg/Cd40/Cd86/Mzb1/Cd22/Tnf/Vpreb3
GO:0050777,GO:0050777,negative regulation of immune response,137,-0.598596297,-1.878420151,7.88E-05,0.009473722,0.009185316,1903,"tags=38%, list=14%, signal=33%",Grn/Serping1/Enpp3/Ptpn6/Hmox1/Arrb2/Samhd1/Stat2/Jak3/Irf1/Trafd1/C4bp/Ptprc/Tgfb1/Vsir/Isg15/Oas1c/Oas1a/Fcgr2b/Spn/Il7r/Lgals9/Gpx2/Inpp5d/Col3a1/Tap1/Il4ra/Samsn1/Parp3/Dhx58/Nckap1l/Cd59a/Masp1/Lilrb4a/Ccr2/Ccr1/Zc3h12a/Oas1g/Il33/Cd55/Tap2/Lilrb4b/Cd300a/Smpdl3b/Havcr2/Cd84/Spi1/Slamf8/Cr2/Trem2/Alox15/H2-Bl
GO:0002696,GO:0002696,positive regulation of leukocyte activation,339,-0.476394163,-1.651214338,7.81E-05,0.009473722,0.009185316,1558,"tags=33%, list=11%, signal=30%",Mif/Cd274/Jak3/Irf1/Ighv7-1/Ighv1-69/Ptprc/Fcer1g/Ighg2c/Sh3kbp1/Tnfrsf4/Nfkbid/Tgfb1/Vsir/Sirpa/Cd47/Cd5/Icosl/Sox12/Spn/Tlr9/Card11/Il7r/Tnfsf13/Lgals9/Cd38/Socs1/Inpp5d/Mdk/Hps1/Rasal3/Rhoh/Itgam/Stxbp1/Runx3/Il4ra/Ighv1-5/Sash3/Iglc1/H2-Eb1/Zbtb16/Ighm/B2m/Iglc2/Igf1/Il16/Ccdc88b/Itgb2/Il2rg/Nckap1l/Cd59a/Coro1a/Gata3/Adora2b/Tyrobp/Crlf2/Ptafr/Lilrb4a/Bloc1s6/Ccr2/Cd28/Tnfsf13b/H2-DMb1/Ighv5-9/Il33/Icos/Vcam1/Cd55/Ulbp1/Cd4/Itgal/H2-Ab1/Lilrb4b/Tacr1/Adam8/Fgf10/Cd27/Lbp/Fgr/Cd40/Havcr2/Cd86/Pik3r6/Ighv10-1/Cd244a/H2-DMa/Aif1/Ccr7/Igha/Gpr183/Clec7a/Ighv9-3/Ccl2/Tlr6/Tnfrsf13c/Flt3l/Igkc/Ighv9-1/Cd74/Ighe/H2-Ob/H2-Aa/Trem2/H2-Eb2/Ighv14-3/Ighd/Ighg3/Ighg2b/Ighv3-5/Il1b/H2-DMb2
GO:0030888,GO:0030888,regulation of B cell proliferation,62,-0.697254365,-1.96173374,8.95E-05,0.010378214,0.010062274,1629,"tags=47%, list=12%, signal=41%",Tlr4/Mif/Ctla4/Ptprc/Tnfrsf4/Fcgr2b/Tlr9/Card11/Cd38/Inpp5d/Sash3/Ighm/Ikzf3/Nckap1l/Tyrobp/Btk/Tnfsf13b/Cd300a/Siglecg/Cd40/Tnfrsf13b/Mzb1/Gpr183/Btla/Cd22/Tnfrsf13c/Blk/Cd74/Ighd
GO:0019886,GO:0019886,antigen processing and presentation of exogenous peptide antigen via MHC class II,18,-0.860452671,-1.956924473,8.98E-05,0.010378214,0.010062274,1438,"tags=72%, list=10%, signal=65%",Unc93b1/Fcer1g/Fcgr2b/H2-Eb1/B2m/H2-DMb1/H2-Ab1/H2-DMa/Cd74/H2-Ob/H2-Aa/H2-Eb2/H2-DMb2
GO:0019884,GO:0019884,antigen processing and presentation of exogenous antigen,35,-0.779427873,-1.986059352,9.78E-05,0.010873812,0.010542784,1916,"tags=63%, list=14%, signal=54%",Psme2/H2-M3/Psme1/Unc93b1/Fcer1g/Fcgr3/Fcgr2b/Fcgr1/Tap1/H2-Eb1/B2m/Clec4a1/H2-DMb1/Clec4a2/Tap2/H2-Ab1/H2-DMa/Cd74/H2-Ob/H2-Aa/H2-Eb2/H2-DMb2
GO:0019221,GO:0019221,cytokine-mediated signaling pathway,306,-0.489981477,-1.672421821,9.73E-05,0.010873812,0.010542784,2160,"tags=30%, list=16%, signal=26%",Myd88/Nfkbia/Tbk1/Slit3/Stat1/Il27ra/Ackr3/Card14/Vrk2/Csf2rb2/Ecm1/Ptpn6/Oasl2/Samhd1/Il15ra/Aim2/Ifngr2/Parp9/Stat2/Il12rb1/Irgm1/Jak3/Irf1/Cxcl12/Ptprc/Fcer1g/Traf1/Csf1/Plvap/Lifr/Isg15/Oas1c/Oas1a/Tnfrsf11a/Il10ra/Zbp1/Il7r/Il22ra2/Il21r/Oas2/Socs1/Casp4/Duox2/Il3ra/Ackr1/Pirb/Il4ra/Sh2b2/Tnfrsf17/Irf5/Il16/Ifitm1/Il2rg/Laptm5/Csf1r/Crlf2/Ccr2/Cx3cr1/Tnfsf13b/Ccl11/Ccr1/Oas1g/Il33/Slc1a1/Il34/Cd4/Csf2rb/Igtp/Il1rn/Thpo/Sting1/Cxcr4/Flt3/Ifitm3/Cd300lf/Spi1/Ccl22/Cxcl10/Ccl8/Iigp1/Il18rap/Ccl2/Cxcl13/Cxcl9/Tnf/Tnfrsf13c/Cd74/Csf3r/Trem2/Il1r2/Il1b/Duox1
GO:0050867,GO:0050867,positive regulation of cell activation,353,-0.475177318,-1.648548513,0.000104763,0.011430837,0.011082851,1558,"tags=32%, list=11%, signal=29%",Mif/Cd274/Jak3/Irf1/Ighv7-1/Ighv1-69/Ptprc/Fcer1g/Ighg2c/Sh3kbp1/Tnfrsf4/Nfkbid/Tgfb1/Vsir/Sirpa/Cd47/Cd5/Icosl/Sox12/Spn/Tlr9/Pdpn/Card11/Il7r/Tnfsf13/Lgals9/Cd38/Socs1/Inpp5d/Mdk/Hps1/Rasal3/Rhoh/Itgam/Stxbp1/Runx3/Il4ra/Ighv1-5/Sash3/Iglc1/Plek/H2-Eb1/Zbtb16/Ighm/B2m/Iglc2/Igf1/Il16/Ccdc88b/Itgb2/Il2rg/Nckap1l/Cd59a/Coro1a/Gata3/Adora2b/Tyrobp/Crlf2/Ptafr/Lilrb4a/Bloc1s6/Ccr2/Cd28/Tnfsf13b/H2-DMb1/Ighv5-9/Il33/Icos/Vcam1/Cd55/Ulbp1/Cd4/Itgal/H2-Ab1/Lilrb4b/Tacr1/Adam8/Selp/Fgf10/Cd27/Lbp/Fgr/Cd40/Havcr2/Cd86/Pik3r6/Ighv10-1/Cd244a/H2-DMa/Aif1/Ccr7/Igha/Gpr183/Clec7a/Ighv9-3/Ccl2/Tlr6/Tnfrsf13c/Flt3l/Igkc/Ighv9-1/Cd74/Ighe/H2-Ob/H2-Aa/Trem2/H2-Eb2/Ighv14-3/Ighd/Ighg3/Ighg2b/Ighv3-5/Il1b/H2-DMb2
GO:0050671,GO:0050671,positive regulation of lymphocyte proliferation,113,-0.613122582,-1.881873477,0.000107988,0.011568452,0.011216277,1629,"tags=37%, list=12%, signal=33%",Tlr4/Il12rb1/Mif/Cd274/Jak3/Ptprc/Tnfrsf4/Icosl/Spn/Tlr9/Card11/Cd38/Rasal3/Sash3/Ighm/Igf1/Ccdc88b/Nckap1l/Cd59a/Coro1a/Ccr2/Cd28/Tnfsf13b/H2-DMb1/Vcam1/Cd55/Cd4/Itgal/Tacr1/Fgf10/Cd40/Havcr2/Cd86/Cd244a/Aif1/Ccr7/Gpr183/Tnfrsf13c/Cd74/Ighd/Il1b/H2-DMb2
GO:0002381,GO:0002381,immunoglobulin production involved in immunoglobulin-mediated immune response,64,-0.687063571,-1.951079783,0.000111113,0.011690676,0.011334781,1426,"tags=34%, list=10%, signal=31%",Ptprc/Tgfb1/Icosl/Slc15a4/Tnfsf13/H2-Eb1/Ighm/B2m/Parp3/Pou2f2/Crlf2/Btk/Cd28/H2-DMb1/H2-Ab1/Batf/Cd40/H2-DMa/H2-Ob/H2-Aa/H2-Eb2/H2-DMb2
GO:0002285,GO:0002285,lymphocyte activation involved in immune response,158,-0.556008702,-1.766948679,0.000122316,0.012643586,0.012258681,1629,"tags=28%, list=12%, signal=25%",Tlr4/Dock10/Jak3/Irf1/Ptprc/Fcer1g/Ly9/Nfkbid/Irf8/Icam1/Tgfb1/Icosl/Spn/Slc15a4/Tnfsf13/Lgals9/Cracr2a/Mdk/Gadd45g/Il4ra/Parp3/Lcp1/Nckap1l/Coro1a/Gata3/Lilrb4a/Ccr2/Cd28/H2-DMb1/Zc3h12a/Cd180/Itgal/Batf/Cd40/Havcr2/Spi1/Cd244a/Irf4/Ccr7/Gpr183/Cd19/Cd74/Slamf6/Pou2af1/H2-DMb2
GO:0032946,GO:0032946,positive regulation of mononuclear cell proliferation,116,-0.607202443,-1.867255128,0.000128395,0.01304313,0.012646062,1629,"tags=37%, list=12%, signal=33%",Tlr4/Il12rb1/Mif/Cd274/Jak3/Ptprc/Tnfrsf4/Csf1/Icosl/Spn/Tlr9/Card11/Cd38/Rasal3/Sash3/Ighm/Igf1/Ccdc88b/Nckap1l/Cd59a/Coro1a/Ccr2/Cd28/Tnfsf13b/H2-DMb1/Vcam1/Cd55/Cd4/Itgal/Tacr1/Fgf10/Cd40/Havcr2/Cd86/Cd244a/Aif1/Ccr7/Gpr183/Tnfrsf13c/Cd74/Ighd/Il1b/H2-DMb2
GO:0022407,GO:0022407,regulation of cell-cell adhesion,400,-0.461657277,-1.611783336,0.000132557,0.013237736,0.012834744,1533,"tags=27%, list=11%, signal=24%",Cd274/Jak3/Irf1/Cxcl12/Ctla4/Ptprc/Nfkbid/Icam1/Tgfb1/Cd9/Vsir/Sirpa/Cd47/Cd5/Icosl/Sox12/Spn/Pdpn/Card11/Il7r/Skap1/Bmp4/Lgals9/Tnfaip8l2/Socs1/Mfsd2b/Fermt3/Lag3/Mdk/Ets1/Rasal3/Chst4/Adora2a/Rhoh/Gcnt1/Runx3/Ido1/Il4ra/Wnt4/Sash3/H2-Eb1/Zbtb16/B2m/Alox12/Igf1/Ccl28/Trpv4/Ccdc88b/Itgb2/Il2rg/Laptm5/Nckap1l/Cd59a/Coro1a/Gata3/Lrrc32/Ptafr/Lilrb4a/Pla2g2f/Notch4/Ccr2/Cd28/Tnfsf13b/H2-DMb1/Zc3h12a/Icos/Vcam1/Cd55/Cd4/Itgal/Il1rn/H2-Ab1/Lilrb4b/Lax1/Cd300a/Cd37/Adam8/Selp/Cd27/Dmtn/Adrb2/Havcr2/Cd86/Spi1/Tspan32/Pik3r6/Emilin2/Cd244a/H2-DMa/Tigit/Aif1/Ccr7/Ccl2/Cxcl13/Btla/Tnf/Tnfrsf13c/Blk/Cd74/H2-Ob/Gpnmb/H2-Aa/H2-Eb2/Alox15/Pla2g2d/Il1b/H2-DMb2
GO:0002504,GO:0002504,antigen processing and presentation of peptide or polysaccharide antigen via MHC class II,24,-0.825940438,-1.960462075,0.000159474,0.01566031,0.015183568,1438,"tags=62%, list=10%, signal=56%",Unc93b1/Fcer1g/Fcgr2b/H2-Eb1/B2m/H2-DMb1/H2-Ab1/Marchf1/H2-DMa/Cd74/H2-Ob/H2-Aa/Trem2/H2-Eb2/H2-DMb2
GO:0030183,GO:0030183,B cell differentiation,128,-0.585815015,-1.828167802,0.000169545,0.016376423,0.015877881,1593,"tags=30%, list=11%, signal=27%",Dock10/Jak3/Ptprc/Irf8/Nhej1/Tlr9/Card11/Sfrp1/Inpp5d/Fas/Ighm/Ikzf3/Spib/Il2rg/Laptm5/Nckap1l/Pou2f2/Lyl1/Lilrb4a/Ikzf1/Btk/Tnfsf13b/H2-Ab1/Cd27/Flt3/Nfam1/Spi1/Igkj5/Cd79b/Slamf8/Gpr183/Ms4a1/Cr2/Igkc/Cd79a/Cd19/Ighe/Pou2af1
GO:0002712,GO:0002712,regulation of B cell mediated immunity,53,-0.71938485,-1.978119893,0.000185431,0.017342179,0.016814236,1470,"tags=36%, list=11%, signal=32%",C4bp/Ptprc/Fcer1g/Tgfb1/Fcgr3/Fcgr2b/Slc15a4/Tnfsf13/Fcgr1/Parp3/Cd28/Cd55/Cd40/Cr2/Tnf/C3/Trem2/Fcer2a/Ighg2b
GO:0002889,GO:0002889,regulation of immunoglobulin mediated immune response,53,-0.71938485,-1.978119893,0.000185431,0.017342179,0.016814236,1470,"tags=36%, list=11%, signal=32%",C4bp/Ptprc/Fcer1g/Tgfb1/Fcgr3/Fcgr2b/Slc15a4/Tnfsf13/Fcgr1/Parp3/Cd28/Cd55/Cd40/Cr2/Tnf/C3/Trem2/Fcer2a/Ighg2b
GO:0044790,GO:0044790,suppression of viral release by host,21,0.810112148,2.013164643,0.000207741,0.019125131,0.01854291,30,"tags=14%, list=0%, signal=14%",Trim12a/Trim30d/Trim5
GO:0070664,GO:0070664,negative regulation of leukocyte proliferation,80,-0.650262613,-1.913178243,0.00024578,0.022278991,0.021600759,1885,"tags=44%, list=14%, signal=38%",Enpp3/Ptpn6/Zc3h12d/Rassf5/Cd274/Ctla4/Tgfb1/Vsir/Fcgr2b/Spn/Bmp4/Lgals9/Inpp5d/Ido1/Laptm5/Lrrc32/Tyrobp/Lilrb4a/Btk/Pla2g2f/Il33/Lilrb4b/Cd300a/Cd37/Grem1/Havcr2/Cd86/Tspan32/Tnfrsf13b/Btla/Blk/Gpnmb/H2-Aa/Lst1/Pla2g2d
GO:0032609,GO:0032609,interferon-gamma production,97,-0.609378288,-1.842414511,0.000257353,0.022974567,0.022275159,1934,"tags=40%, list=14%, signal=35%",Tlr3/H2-M3/Cd3e/Pde4b/Rasgrp1/Tlr4/Il12rb1/Cd274/Slc7a5/Ripk3/Irf8/Vsir/Isg15/Cd47/Spn/Tlr9/Lgals9/Gadd45g/Runx3/Sash3/Laptm5/Gata3/Cd2/Lilrb4a/Ccr2/Zc3h12a/Il33/Ulbp1/Lilrb4b/Cd27/Flt3/Havcr2/Cd244a/Ccr7/Il18rap/Tnf/Tnfrsf13c/Slamf6/Il1b
GO:1903706,GO:1903706,regulation of hemopoiesis,349,-0.458029515,-1.586752489,0.000298976,0.026292083,0.02549168,1597,"tags=23%, list=12%, signal=21%",Gpr68/Rab7b/Jak3/Irf1/Rbp1/Ctla4/Ptprc/Nfkbid/Csf1/Tgfb1/Vsir/Isg15/Sox12/Nme2/Scin/Tlr9/Card11/Il7r/Sfrp1/Bmp4/Lgals9/Socs1/Tmem176a/Inpp5d/Lag3/Mdk/Ets1/Tnfrsf11b/Myc/Tmem176b/Rhoh/Itgam/Lmo2/Runx3/Mafb/Il4ra/Fas/Sash3/Zbtb16/B2m/Gpr171/Tnfaip6/Cyp26b1/Ikzf3/Il2rg/Fes/Nckap1l/Gata3/Tyrobp/Csf1r/Zbtb46/Lilrb4a/Ikzf1/C1qc/Ccr2/Cd28/Ccr1/Zc3h12a/Lif/Il34/Cd4/Lilrb4b/Thpo/Adam8/Cd27/Flt3/Nfam1/Hcls1/Spi1/Pik3r6/Inhba/H2-DMa/Ccr7/Slamf8/Tnf/Tesc/Flt3l/Cd74/H2-Aa/Csf3r/Trem2/Dlk1
GO:0002449,GO:0002449,lymphocyte mediated immunity,276,-0.488718693,-1.655048249,0.000307485,0.026642699,0.025831623,1493,"tags=38%, list=11%, signal=35%",Ighv7-1/Ighv1-69/C4bp/Tnfrsf1b/Unc93b1/Ptprc/Fcer1g/Ighg2c/Ripk3/Icam1/Tgfb1/H2-D1/Vsir/Icosl/Fcgr3/Fcgr2b/Spn/Slc15a4/Il7r/Il21r/Tnfsf13/Lgals9/Inpp5d/H2-T3/Lag3/Fcgr1/Pirb/Tap1/Il4ra/Ighv1-5/Fas/Sash3/Iglc1/H2-Eb1/C1qb/Ighm/B2m/Parp3/Iglc2/Myo1g/C1qa/Card9/Was/Nckap1l/Coro1a/Gata3/Pou2f2/Crlf2/Cd2/Lilrb4a/C4b/Btk/C1qc/Ccr2/Cd28/C1ra/H2-DMb1/Ighv5-9/Cd55/Ulbp1/C2/Csf2rb/Tap2/H2-Ab1/Lilrb4b/Batf/Cd40/Havcr2/H2-Q1/Rftn1/Pik3r6/Ighv10-1/Gm8909/H2-DMa/Igha/Il18rap/Ighv9-3/Cr2/Tnf/C3/Igkc/Cd19/Ighv9-1/Cd74/Ighe/H2-Ob/H2-Q4/H2-Aa/Trem2/Slamf6/H2-Eb2/Ighv14-3/H2-M2/Ighd/Fcer2a/Ighg3/Ighg2b/Ighv3-5/Il1b/H2-T10/H2-DMb2/H2-Bl/Masp2/Gm11127/C1s2/C1rb
GO:0045576,GO:0045576,mast cell activation,60,-0.690840574,-1.935830105,0.000322916,0.026667272,0.025855448,1885,"tags=50%, list=14%, signal=43%",Enpp3/Ptpn6/Hmox1/Rasgrp1/Chga/Tlr4/Lcp2/Fcer1g/Fcgr3/Cplx2/Rhoh/Ndrg1/Stxbp1/Milr1/Il4ra/Rac2/Grp/Fes/Adora2b/Cnr2/Crlf2/Lilrb4a/Lilrb4b/Cd300a/Fgr/Cd300lf/Cd84/Lat2/Blk/Plscr2
GO:0002886,GO:0002886,regulation of myeloid leukocyte mediated immunity,55,-0.67891641,-1.871160508,0.000316035,0.026667272,0.025855448,1420,"tags=40%, list=10%, signal=36%",Fcer1g/Fcgr3/Itgam/Stxbp1/Fcgr1/Il4ra/Rac2/Itgb2/Fes/Adora2b/Tyrobp/Ptafr/Ccr2/Cx3cr1/Cd300a/Fgr/Cd84/Spi1/Dnase1l3/C3/Blk/Ighg2b
GO:0019724,GO:0019724,B cell mediated immunity,151,-0.561068476,-1.773872469,0.000325873,0.026667272,0.025855448,1493,"tags=46%, list=11%, signal=41%",Ighv7-1/Ighv1-69/C4bp/Ptprc/Fcer1g/Ighg2c/Tgfb1/Icosl/Fcgr3/Fcgr2b/Slc15a4/Il21r/Tnfsf13/Inpp5d/Fcgr1/Pirb/Il4ra/Ighv1-5/Fas/Iglc1/H2-Eb1/C1qb/Ighm/B2m/Parp3/Iglc2/C1qa/Card9/Pou2f2/Crlf2/C4b/Btk/C1qc/Cd28/C1ra/H2-DMb1/Ighv5-9/Cd55/C2/Csf2rb/H2-Ab1/Batf/Cd40/Ighv10-1/H2-DMa/Igha/Ighv9-3/Cr2/Tnf/C3/Igkc/Cd19/Ighv9-1/Cd74/Ighe/H2-Ob/H2-Aa/Trem2/H2-Eb2/Ighv14-3/Ighd/Fcer2a/Ighg3/Ighg2b/Ighv3-5/H2-DMb2/Masp2/C1s2/C1rb
GO:0016064,GO:0016064,immunoglobulin mediated immune response,149,-0.55783603,-1.756246341,0.000323979,0.026667272,0.025855448,1493,"tags=45%, list=11%, signal=41%",Ighv7-1/Ighv1-69/C4bp/Ptprc/Fcer1g/Ighg2c/Tgfb1/Icosl/Fcgr3/Fcgr2b/Slc15a4/Il21r/Tnfsf13/Inpp5d/Fcgr1/Il4ra/Ighv1-5/Iglc1/H2-Eb1/C1qb/Ighm/B2m/Parp3/Iglc2/C1qa/Card9/Pou2f2/Crlf2/C4b/Btk/C1qc/Cd28/C1ra/H2-DMb1/Ighv5-9/Cd55/C2/Csf2rb/H2-Ab1/Batf/Cd40/Ighv10-1/H2-DMa/Igha/Ighv9-3/Cr2/Tnf/C3/Igkc/Cd19/Ighv9-1/Cd74/Ighe/H2-Ob/H2-Aa/Trem2/H2-Eb2/Ighv14-3/Ighd/Fcer2a/Ighg3/Ighg2b/Ighv3-5/H2-DMb2/Masp2/C1s2/C1rb
GO:0051251,GO:0051251,positive regulation of lymphocyte activation,298,-0.468426872,-1.59117888,0.000360276,0.029078709,0.028193475,1558,"tags=33%, list=11%, signal=30%",Mif/Cd274/Jak3/Irf1/Ighv7-1/Ighv1-69/Ptprc/Ighg2c/Sh3kbp1/Tnfrsf4/Nfkbid/Tgfb1/Vsir/Sirpa/Cd47/Cd5/Icosl/Sox12/Spn/Tlr9/Card11/Il7r/Tnfsf13/Lgals9/Cd38/Socs1/Inpp5d/Mdk/Hps1/Rasal3/Rhoh/Runx3/Il4ra/Ighv1-5/Sash3/Iglc1/H2-Eb1/Zbtb16/Ighm/B2m/Iglc2/Igf1/Ccdc88b/Il2rg/Nckap1l/Cd59a/Coro1a/Gata3/Tyrobp/Lilrb4a/Bloc1s6/Ccr2/Cd28/Tnfsf13b/H2-DMb1/Ighv5-9/Icos/Vcam1/Cd55/Ulbp1/Cd4/Itgal/H2-Ab1/Lilrb4b/Tacr1/Adam8/Fgf10/Cd27/Cd40/Havcr2/Cd86/Pik3r6/Ighv10-1/Cd244a/H2-DMa/Aif1/Ccr7/Igha/Gpr183/Clec7a/Ighv9-3/Ccl2/Tnfrsf13c/Flt3l/Igkc/Ighv9-1/Cd74/Ighe/H2-Ob/H2-Aa/H2-Eb2/Ighv14-3/Ighd/Ighg3/Ighg2b/Ighv3-5/Il1b/H2-DMb2
GO:0002819,GO:0002819,regulation of adaptive immune response,178,-0.5352693,-1.731989357,0.000366835,0.029208012,0.028318841,1602,"tags=37%, list=12%, signal=33%",Il12rb1/Mif/Cd274/Jak3/Irf1/C4bp/Tnfrsf1b/Ptprc/Fcer1g/Ripk3/Nfkbid/Tgfb1/H2-D1/Vsir/Fcgr3/Fcgr2b/Spn/Slc15a4/Il7r/Skap1/Tnfsf13/H2-T3/Fcgr1/Il4ra/Sash3/Samsn1/B2m/Parp3/Card9/Was/Nckap1l/Gata3/Lilrb4a/Ccr2/Cd28/Tnfsf13b/Zc3h12a/Il33/Cd55/Cd4/Tap2/H2-Ab1/Lilrb4b/Clec4n/Cd40/Havcr2/H2-Q1/Gm8909/H2-DMa/Ccr7/Cr2/Tnf/Tnfrsf13c/C3/Cd74/H2-Q4/Trem2/H2-M2/Alox15/Fcer2a/Ighg2b/Il1b/H2-T10/H2-Bl/Gm11127
GO:1902105,GO:1902105,regulation of leukocyte differentiation,274,-0.478381291,-1.619657376,0.000424255,0.033329494,0.032314854,1524,"tags=26%, list=11%, signal=23%",Jak3/Irf1/Rbp1/Ctla4/Ptprc/Nfkbid/Csf1/Tgfb1/Vsir/Sox12/Nme2/Tlr9/Card11/Il7r/Sfrp1/Bmp4/Lgals9/Socs1/Tmem176a/Inpp5d/Lag3/Mdk/Tnfrsf11b/Myc/Tmem176b/Rhoh/Itgam/Runx3/Mafb/Il4ra/Fas/Sash3/Zbtb16/Tnfaip6/Cyp26b1/Ikzf3/Il2rg/Fes/Nckap1l/Gata3/Tyrobp/Csf1r/Zbtb46/Lilrb4a/Ikzf1/C1qc/Ccr2/Cd28/Ccr1/Zc3h12a/Lif/Il34/Cd4/Lilrb4b/Adam8/Cd27/Flt3/Nfam1/Hcls1/Pik3r6/H2-DMa/Ccr7/Slamf8/Tnf/Tesc/Flt3l/Cd74/H2-Aa/Trem2/Dlk1
GO:0031640,GO:0031640,killing of cells of another organism,32,-0.776198907,-1.94267055,0.000439056,0.034038378,0.033002158,465,"tags=50%, list=3%, signal=48%",Bcl2l11/Ccl28/Lyz2/Ccl22/Cxcl10/Cxcl14/Ccl8/Clec7a/Cxcl13/Cxcl9/C3/Fcer2a/Lyz1/Nos2/Defa30/Defa24
GO:0050766,GO:0050766,positive regulation of phagocytosis,69,-0.646835043,-1.865762836,0.000454006,0.034740275,0.033682687,1426,"tags=41%, list=10%, signal=37%",Ptprc/Fcer1g/Sirpa/Cd47/Fcgr3/Fcgr2b/Cfp/Rab31/Fcgr1/Mfge8/Dock2/Il2rg/Nckap1l/Masp1/C4b/C2/Lbp/Cd300lf/Ccr7/Clec7a/Ccl2/Pla2g5/Tnf/C3/Trem2/Ighg2b/Il1b/Masp2
GO:0001819,GO:0001819,positive regulation of cytokine production,391,-0.447230809,-1.556653739,0.000495067,0.037396593,0.03625814,1629,"tags=27%, list=12%, signal=24%",Tlr4/Hpse/Lum/Il12rb1/Rab7b/Mif/Cyp2j6/Cd274/Irf1/Ceacam20/Slc7a5/F2r/Unc93b1/Ptprc/Fcer1g/Ly9/Irf8/Tgfb1/Isg15/Oas1c/Oas1a/Icosl/Fcgr3/Spn/Ffar2/Ptgs2/Tlr9/Card11/Oas2/Lgals9/Casp4/Mdk/Mapk13/Tbc1d23/Hgf/Ido1/Sulf1/Il4ra/Sash3/B2m/Nlrp9b/Irf5/Il16/Trpv4/Card9/Ccdc88b/Dhx58/Sema7a/Laptm5/Gata3/Adora2b/Pou2f2/Tyrobp/Csf1r/Crlf2/Trim15/Mefv/Ptafr/Cd2/Ccr2/Cd28/Oas1g/Il33/Cd55/Ulbp1/Clec9a/Gbp5/Gpsm3/Adam8/Sting1/Cd27/Batf/Clu/Lbp/Rab2b/Fgr/Cd300c2/Tlr2/Clec4n/Flt3/Cd40/Havcr2/Nfam1/Cd84/Rftn1/Ltb/Cd244a/Irf4/Tigit/Aif1/Ccr7/Clec7a/Ccl2/Tlr6/Tnf/Tnfrsf13c/C3/Cd74/Trem2/Slamf6/Pou2af1/Ighd/Il1b/Nos2/Dlk1
GO:0086003,GO:0086003,cardiac muscle cell contraction,57,0.616095576,1.868442175,0.000502031,0.037442592,0.036302738,2507,"tags=58%, list=18%, signal=48%",Scn2b/Casq2/Kcnj2/Cacna1h/Kcne4/Ryr2/Stc1/Akap6/Atp1a2/Snta1/Sgcd/Kcne3/Cacnb2/Pln/Adrb1/Cacna2d1/Abcc9/Cacna1d/Cacna1c/Adora1/Fgf13/Flna/Cav3/Kcnj8/Uty/Kcna5/Rnf207/Akap9/Dsp/Ank2/Scn5a/Pde4d/Pik3ca
GO:0002922,GO:0002922,positive regulation of humoral immune response,13,-0.891057082,-1.902036733,0.000530902,0.039100905,0.037910568,537,"tags=62%, list=4%, signal=59%",C6/H2-DMa/Ccr7/Tnf/C3/Trem2/Fcer2a/Il1b
GO:0032945,GO:0032945,negative regulation of mononuclear cell proliferation,73,-0.644117001,-1.865942208,0.000582698,0.041868966,0.040594362,1871,"tags=44%, list=13%, signal=38%",Ptpn6/Zc3h12d/Rassf5/Cd274/Ctla4/Tgfb1/Vsir/Fcgr2b/Spn/Bmp4/Lgals9/Inpp5d/Ido1/Laptm5/Lrrc32/Tyrobp/Lilrb4a/Btk/Pla2g2f/Lilrb4b/Cd300a/Cd37/Havcr2/Cd86/Tspan32/Tnfrsf13b/Btla/Blk/Gpnmb/H2-Aa/Lst1/Pla2g2d
GO:0050672,GO:0050672,negative regulation of lymphocyte proliferation,73,-0.644117001,-1.865942208,0.000582698,0.041868966,0.040594362,1871,"tags=44%, list=13%, signal=38%",Ptpn6/Zc3h12d/Rassf5/Cd274/Ctla4/Tgfb1/Vsir/Fcgr2b/Spn/Bmp4/Lgals9/Inpp5d/Ido1/Laptm5/Lrrc32/Tyrobp/Lilrb4a/Btk/Pla2g2f/Lilrb4b/Cd300a/Cd37/Havcr2/Cd86/Tspan32/Tnfrsf13b/Btla/Blk/Gpnmb/H2-Aa/Lst1/Pla2g2d
GO:0042102,GO:0042102,positive regulation of T cell proliferation,79,-0.615328847,-1.806904872,0.000688064,0.048844229,0.047357279,1602,"tags=38%, list=12%, signal=34%",Il12rb1/Cd274/Jak3/Ptprc/Icosl/Spn/Card11/Rasal3/Sash3/Igf1/Ccdc88b/Nckap1l/Cd59a/Coro1a/Ccr2/Cd28/Tnfsf13b/H2-DMb1/Vcam1/Cd55/Cd4/Itgal/Havcr2/Cd86/Cd244a/Aif1/Ccr7/Tnfrsf13c/Il1b/H2-DMb2
GO:0050868,GO:0050868,negative regulation of T cell activation,105,-0.582386698,-1.771453256,0.000697274,0.048908785,0.047419869,1533,"tags=35%, list=11%, signal=32%",Cd274/Jak3/Irf1/Ctla4/Nfkbid/Tgfb1/Vsir/Spn/Bmp4/Lgals9/Tnfaip8l2/Socs1/Lag3/Mdk/Adora2a/Runx3/Ido1/Il4ra/Laptm5/Nckap1l/Lrrc32/Lilrb4a/Pla2g2f/Zc3h12a/Lilrb4b/Lax1/Cd300a/Cd37/Havcr2/Cd86/Tspan32/Tigit/Btla/Cd74/Gpnmb/H2-Aa/Pla2g2d
GO:0019730,GO:0019730,antimicrobial humoral response,58,-0.672225754,-1.871752093,0.000718488,0.049224788,0.047726252,868,"tags=34%, list=6%, signal=32%",Ighm/B2m/Ccl28/Rnase6/Ccl22/Cxcl10/Cxcl14/Ccl8/Jchain/Cxcl13/Cxcl9/Ang4/Wfdc18/Reg3g/Mmp7/Reg3b/Slpi/Ang3/Defa30/Defa24
GO:0061844,GO:0061844,antimicrobial humoral immune response mediated by antimicrobial peptide,43,-0.707040591,-1.869118192,0.000716482,0.049224788,0.047726252,867,"tags=37%, list=6%, signal=35%",B2m/Ccl28/Rnase6/Ccl22/Cxcl10/Cxcl14/Ccl8/Cxcl13/Cxcl9/Ang4/Reg3g/Mmp7/Reg3b/Ang3/Defa30/Defa24